Time period and codes,Total Services,Clothing and footwear,Cleaning and hire of clothing,Repair and hire of footwear,"Housing, water, electricity, gas and other fuel",Actual rentals for housing,Actual rentals paid by tenants,Other actual rentals,Imputed rentals for housing,Imputed rentals for owner-occupiers,Other imputed rentals,Maintenance and repair of the dwelling services,Refuse collection,Sewerage collection,Other services relating to the dwelling,Household services,"Repair of furniture, furnishings and floor coverings",Repair of household appliances,Domestic and household services,Health,Out-patient services,Medical services,Dental services,Paramedical services,Hospital services,other Hospital services,Transport,Maintenance and repair of personal transport equipment,Other services in respect of personal transport equipment,Transport services,Rail,Road,Air,Sea and inland waterway,Other purchased transport services,Communication,Postal services,other Postal services,Telephone and telefax services,other Telephone and telefax services,Recreation and culture,Repairs of audio-visual etc equipment,Maintenance and repairs of other major durables,Veterinary and other services for pets,Recreational and cultural services,Recreational and sporting services,Cultural services,Games of chance,Package holidays,Education,Other education expenses,Other core education expenses,Restaurant and hotels,Catering services,"Restaurants, cafes etc",Canteens,Hotel Accommodation,other Accommodation,Miscellaneous,Hairdressing salons and personal grooming establishments,Prostitution,other Prostitution,Social protection,other Social protection,Insurance,Life insurance,Insurance connected with the dwelling,Insurance connected with health,Insurance connected with transport,Other insurance,Financial services n.e.c,FISIM,Other financial services n.e.c,Other services ,Other services nec
COICOP identifier code,TS,TS03,03.1.4,03.2.2,TS04,4.1,04.1.1,04.1.2,4.2,04.2.1,04.2.2,04.3.2,04.4.2,04.4.3,04.4.4,TS05,05.1.3,05.3.3,05.6.2,TS06,6.2,06.2.1,06.2.2,06.2.3,6.3,06.3.1,TS07,07.2.3,07.2.4,7.3,07.3.1,07.3.2,07.3.3,07.3.4,07.3.6,TS08,8.1,08.1.1,8.3,08.3.1,TS09,09.1.5,09.2.3,09.3.5,9.4,09.4.1,09.4.2,09.4.3,9.6,10,10.1,10.1.1,11,11.1,11.1.1,11.1.2,11.2,11.2.1,TS12,12.1.1,12.2,12.2.1,12.4,12.4.1,12.5,12.5.1,12.5.2,12.5.3,12.5.4,12.5.5,12.6,12.6.1,12.6.2,12.7,12.7.1
CDID identifier code,UTIM,LLJD,ADUT,AWTX,LLJE,ADFT,ADUX,ADUY,ADFU,CDDF,ADVB,AWTY,UUOX,ADVG,UUOY,LLJF,ADVO,ADVR,ADVV,LLJG,ADGR,ADVW,ADVX,UTME,ADGS,ADGS 2,LLJH,AWTZ,ADWG,ADGW,AWUA,ADWI,AWUB,AWUC,AWUD,LLJI,CDEF,CDEF 2,ADWP,ADWP 2,LLJJ,ADWU,ADWX,ADXC,ADIA,ADXD,ADXE,CDEM,ADID,ADIE,ADIE 2,ADIE 3,ADIF,ADIG,ADXO,ADXP,ADIH,ADIH 2,LLJK,CDEV,MNC8,MNC8 2,ADIL,ADIL 2,ADIM,ADXW,ADXX,ADXY,ADXZ,ADYA,ADIN,C68S,ADYC,ADIO,ADIO 2
1997 Q1,"80,788",169,154,15,"35,248","5,853","5,835",18,"28,606","27,679",927,182,18,589, [x] ,614,7,115,492,"1,530",937,570,298,69,593,593,"7,470","2,414",784,"4,272",860,"1,187","1,610",410,205,"3,096",228,228,"2,868","2,868","5,008",56,302,210,"4,440",942,"1,836","1,662", [x] ,"1,380","1,380","1,380","12,811","10,679","9,694",985,"2,132","2,132","13,462",742,510,510,"1,466","1,466","3,616","2,282",299,358,303,374,"5,160","2,623","2,537","1,968","1,968"
1997 Q2,"86,219",169,154,15,"35,650","5,960","5,941",19,"28,878","27,936",942,173,17,622, [x] ,513,7,44,462,"1,477",879,528,292,59,598,598,"8,389","2,555",818,"5,016",921,"1,380","2,138",338,239,"3,147",250,250,"2,897","2,897","5,584",49,303,208,"5,024",992,"2,247","1,785", [x] ,"1,404","1,404","1,404","15,853","12,736","11,567","1,169","3,117","3,117","14,033",739,516,516,"1,467","1,467","3,848","2,370",314,399,368,397,"5,494","2,973","2,521","1,969","1,969"
1997 Q3,"89,417",165,151,14,"35,872","5,994","5,974",20,"29,072","28,113",959,163,19,624, [x] ,590,8,108,474,"1,498",879,522,295,62,619,619,"9,942","2,586",813,"6,543","1,009","1,524","3,011",703,296,"3,169",198,198,"2,971","2,971","5,521",49,305,197,"4,970",985,"2,194","1,791", [x] ,"1,434","1,434","1,434","16,513","12,891","11,894",997,"3,622","3,622","14,713",746,524,524,"1,489","1,489","3,812","2,464",291,361,330,366,"6,028","3,351","2,677","2,114","2,114"
1997 Q4,"87,780",166,147,19,"36,047","6,014","5,994",20,"29,230","28,255",975,161,18,624, [x] ,584,8,91,485,"1,620",987,592,322,73,633,633,"8,408","2,582",752,"5,074",941,"1,594","1,852",470,217,"3,437",431,431,"3,006","3,006","5,503",55,307,197,"4,944",926,"2,250","1,768", [x] ,"1,462","1,462","1,462","15,871","13,252","12,176","1,076","2,619","2,619","14,682",773,529,529,"1,465","1,465","3,621","2,565",258,280,201,317,"6,221","3,395","2,826","2,073","2,073"
1998 Q1,"85,865",163,143,20,"36,597","6,292","6,271",21,"29,489","28,505",984,171,17,628, [x] ,596,9,93,494,"1,589",979,554,345,80,610,610,"8,119","2,581",851,"4,687",885,"1,312","1,815",459,216,"3,170",178,178,"2,992","2,992","5,392",61,309,203,"4,819",932,"2,081","1,806", [x] ,"1,492","1,492","1,492","13,734","11,455","10,281","1,174","2,279","2,279","15,013",801,536,536,"1,447","1,447","3,890","2,541",288,365,332,364,"6,429","3,535","2,894","1,910","1,910"
1998 Q2,"90,625",170,147,23,"36,961","6,392","6,371",21,"29,751","28,760",991,136,18,664, [x] ,535,7,46,482,"1,605",978,548,349,81,627,627,"8,939","2,643",854,"5,442",924,"1,547","2,314",406,251,"3,297",157,157,"3,140","3,140","5,687",63,311,221,"5,092",990,"2,328","1,774", [x] ,"1,521","1,521","1,521","16,133","12,960","11,733","1,227","3,173","3,173","15,777",831,544,544,"1,415","1,415","4,025","2,644",290,373,350,368,"6,693","3,523","3,170","2,269","2,269"
1998 Q3,"94,085",182,158,24,"37,290","6,441","6,420",21,"30,060","29,055","1,005",121,17,651, [x] ,628,9,117,502,"1,518",896,505,322,69,622,622,"10,415","2,685",906,"6,824","1,015","1,597","3,220",686,306,"3,321",139,139,"3,182","3,182","5,730",63,314,232,"5,121","1,021","2,333","1,767", [x] ,"1,548","1,548","1,548","17,438","13,717","12,642","1,075","3,721","3,721","16,015",859,551,551,"1,457","1,457","3,908","2,749",251,309,283,316,"7,067","3,664","3,403","2,173","2,173"
1998 Q4,"92,592",196,171,25,"37,894","6,521","6,499",22,"30,580","29,557","1,023",140,18,635, [x] ,628,10,104,514,"1,475",873,516,298,59,602,602,"9,010","2,701",770,"5,539",965,"1,603","2,235",513,223,"3,523",305,305,"3,218","3,218","5,744",58,317,251,"5,118",969,"2,393","1,756", [x] ,"1,572","1,572","1,572","16,855","14,199","13,029","1,170","2,656","2,656","15,695",889,562,562,"1,427","1,427","3,613","2,855",199,199,120,240,"6,791","3,518","3,273","2,413","2,413"
1999 Q1,"90,677",198,176,22,"38,118","6,432","6,410",22,"30,896","29,838","1,058",168,16,606, [x] ,586,10,87,489,"1,413",837,501,284,52,576,576,"8,041","2,687",884,"4,470",919,"1,326","1,908",85,232,"3,376",164,164,"3,212","3,212","5,515",49,320,255,"4,891","1,020","2,145","1,726", [x] ,"1,653","1,653","1,653","14,562","12,172","10,949","1,223","2,390","2,390","17,215",909,573,573,"1,356","1,356","3,856","2,593",277,340,298,348,"7,993","4,488","3,505","2,528","2,528"
1999 Q2,"94,555",204,183,21,"38,658","6,407","6,384",23,"31,478","30,394","1,084",141,15,617, [x] ,587,10,75,502,"1,480",888,552,282,54,592,592,"9,606","2,751",916,"5,939",945,"1,534","2,454",726,280,"3,358",160,160,"3,198","3,198","5,856",46,323,266,"5,221","1,069","2,430","1,722", [x] ,"1,608","1,608","1,608","16,735","13,640","12,377","1,263","3,095","3,095","16,463",921,585,585,"1,396","1,396","3,848","2,677",276,312,242,341,"7,350","3,785","3,565","2,363","2,363"
1999 Q3,"97,567",210,191,19,"39,181","6,477","6,453",24,"31,909","30,801","1,108",164,15,616, [x] ,692,10,149,533,"1,398",821,475,288,58,577,577,"11,544","2,836",939,"7,769","1,004","1,598","3,507","1,297",363,"3,422",136,136,"3,286","3,286","6,192",49,327,257,"5,559","1,102","2,723","1,734", [x] ,"1,584","1,584","1,584","18,181","14,349","13,230","1,119","3,832","3,832","15,163",930,596,596,"1,503","1,503","3,906","2,755",251,307,276,317,"6,172","2,740","3,432","2,056","2,056"
1999 Q4,"96,523",213,197,16,"39,646","6,582","6,558",24,"32,241","31,122","1,119",172,16,635, [x] ,684,11,90,583,"1,404",808,467,287,54,596,596,"8,912","2,806",819,"5,287","1,029","1,678","2,270",51,259,"3,657",290,290,"3,367","3,367","6,194",62,329,254,"5,549","1,037","2,751","1,761", [x] ,"1,591","1,591","1,591","17,658","14,958","13,671","1,287","2,700","2,700","16,564",950,606,606,"1,491","1,491","4,115","2,835",272,345,320,343,"7,051","3,323","3,728","2,351","2,351"
2000 Q1,"95,217",209,196,13,"39,897","6,666","6,642",24,"32,353","31,223","1,130",175,14,689, [x] ,671,11,93,567,"1,368",775,430,291,54,593,593,"8,501","2,819",965,"4,717","1,027","1,429","1,981",18,262,"3,602",133,133,"3,469","3,469","6,070",58,333,258,"5,421","1,159","2,520","1,742", [x] ,"1,400","1,400","1,400","15,444","12,918","11,512","1,406","2,526","2,526","18,055",977,618,618,"1,482","1,482","3,895","2,766",233,290,260,346,"8,511","4,627","3,884","2,572","2,572"
2000 Q2,"99,369",215,202,13,"39,999","6,826","6,802",24,"32,371","31,243","1,128",175,16,611, [x] ,692,11,85,596,"1,349",755,403,299,53,594,594,"10,273","2,860",921,"6,492","1,059","1,703","2,739",667,324,"3,620",131,131,"3,489","3,489","6,519",57,334,264,"5,864","1,240","2,890","1,734", [x] ,"1,643","1,643","1,643","17,662","14,280","12,967","1,313","3,382","3,382","17,397",995,628,628,"1,543","1,543","3,883","2,814",217,274,251,327,"8,455","4,593","3,862","1,893","1,893"
2000 Q3,"104,085",222,209,13,"40,314","6,919","6,896",23,"32,601","31,475","1,126",157,18,619, [x] ,787,12,145,630,"1,491",856,477,316,63,635,635,"12,477","2,949","1,011","8,517","1,127","1,846","3,852","1,281",411,"3,693",134,134,"3,559","3,559","6,785",52,336,274,"6,123","1,277","3,036","1,810", [x] ,"1,789","1,789","1,789","19,166","15,136","13,931","1,205","4,030","4,030","17,361","1,015",640,640,"1,611","1,611","3,977","2,850",254,315,290,268,"8,128","4,353","3,775","1,990","1,990"
2000 Q4,"100,622",224,211,13,"40,793","6,947","6,924",23,"32,999","31,874","1,125",205,25,617, [x] ,760,14,90,656,"1,411",809,416,319,74,602,602,"9,811","3,000",884,"5,927","1,025","1,866","2,531",221,284,"3,861",300,300,"3,561","3,561","6,386",58,339,262,"5,727","1,152","2,837","1,738", [x] ,"1,845","1,845","1,845","18,760","15,674","14,322","1,352","3,086","3,086","16,771","1,039",652,652,"1,628","1,628","3,474","2,874",160,172,127,141,"7,032","3,236","3,796","2,946","2,946"
2001 Q1,"98,656",212,198,14,"41,299","6,979","6,956",23,"33,472","32,332","1,140",206,32,610, [x] ,795,15,95,685,"1,852","1,135",748,308,79,717,717,"9,066","2,911",978,"5,177",971,"1,543","2,202",186,275,"3,739",180,180,"3,559","3,559","6,200",58,340,247,"5,555","1,356","2,388","1,811", [x] ,"1,802","1,802","1,802","16,170","13,389","12,107","1,282","2,781","2,781","17,521","1,088",665,665,"1,545","1,545","3,688","2,417",358,388,271,254,"8,134","4,321","3,813","2,401","2,401"
2001 Q2,"102,642",185,169,16,"41,664","6,937","6,914",23,"33,856","32,699","1,157",200,34,637, [x] ,693,16,80,597,"1,717","1,045",670,293,82,672,672,"10,645","2,918",922,"6,805","1,019","1,731","2,895",824,336,"3,646",167,167,"3,479","3,479","6,829",55,343,229,"6,202","1,456","2,889","1,857", [x] ,"1,862","1,862","1,862","18,008","14,743","13,611","1,132","3,265","3,265","17,393","1,123",677,677,"1,659","1,659","4,371","2,415",418,529,481,528,"7,421","3,537","3,884","2,142","2,142"
2001 Q3,"107,327",165,147,18,"42,016","7,023","7,000",23,"34,115","32,940","1,175",212,29,637, [x] ,787,15,133,639,"1,625",975,616,281,78,650,650,"12,418","3,034","1,068","8,316","1,065","1,798","3,977","1,054",422,"3,678",166,166,"3,512","3,512","7,080",57,347,237,"6,439","1,412","3,153","1,874", [x] ,"1,906","1,906","1,906","19,864","15,662","14,624","1,038","4,202","4,202","17,788","1,139",690,690,"1,744","1,744","4,532","2,400",407,526,495,704,"7,441","3,622","3,819","2,242","2,242"
2001 Q4,"102,130",159,141,18,"42,499","7,115","7,091",24,"34,493","33,299","1,194",227,23,641, [x] ,730,5,103,622,"1,628",982,605,289,88,646,646,"9,763","3,093",938,"5,732","1,041","1,774","2,330",301,286,"3,926",339,339,"3,587","3,587","6,410",59,353,235,"5,763","1,248","2,641","1,874", [x] ,"1,930","1,930","1,930","18,946","16,067","14,887","1,180","2,879","2,879","16,139","1,125",701,701,"1,603","1,603","4,032","2,370",372,447,379,464,"6,513","2,502","4,011","2,165","2,165"
2002 Q1,"100,790",165,147,18,"42,799","7,256","7,231",25,"34,591","33,374","1,217",251,45,656, [x] ,677,8,95,574,"1,917","1,198",788,306,104,719,719,"9,510","3,254","1,060","5,196",978,"1,506","2,278",146,288,"3,667",137,137,"3,530","3,530","7,102",57,359,249,"6,437","1,485","3,015","1,937", [x] ,"1,942","1,942","1,942","16,755","14,096","12,921","1,175","2,659","2,659","16,256","1,130",712,712,"1,624","1,624","2,995","1,645",371,356,182,441,"7,564","3,593","3,971","2,231","2,231"
2002 Q2,"105,966",169,151,18,"42,992","7,520","7,495",25,"34,522","33,289","1,233",222,50,678, [x] ,756,2,72,682,"1,802","1,109",668,322,119,693,693,"10,883","3,356","1,015","6,512",981,"1,663","2,685",842,341,"3,745",112,112,"3,633","3,633","7,485",47,365,238,"6,835","1,535","3,347","1,953", [x] ,"1,944","1,944","1,944","18,943","15,413","14,352","1,061","3,530","3,530","17,247","1,153",723,723,"1,794","1,794","3,539","1,615",434,517,431,542,"7,750","3,488","4,262","2,288","2,288"
2002 Q3,"110,954",166,149,17,"43,375","7,787","7,761",26,"34,636","33,386","1,250",229,45,678, [x] ,714,2,109,603,"1,703","1,021",593,324,104,682,682,"13,120","3,466","1,164","8,490",988,"1,765","3,953","1,356",428,"3,765",100,100,"3,665","3,665","7,753",42,370,248,"7,093","1,734","3,399","1,960", [x] ,"1,947","1,947","1,947","20,844","16,245","15,281",964,"4,599","4,599","17,567","1,176",734,734,"1,473","1,473","3,886","1,594",474,620,593,605,"8,102","3,901","4,201","2,196","2,196"
2002 Q4,"108,315",160,143,17,"44,056","8,050","8,024",26,"35,061","33,789","1,272",230,39,676, [x] ,666,2,80,584,"1,668",985,579,313,93,683,683,"10,440","3,501",977,"5,962",966,"1,732","2,565",409,290,"3,985",224,224,"3,761","3,761","6,913",43,376,246,"6,248","1,391","2,908","1,949", [x] ,"1,964","1,964","1,964","20,181","16,609","15,454","1,155","3,572","3,572","18,282","1,191",746,746,"1,498","1,498","4,054","1,596",499,668,650,641,"8,253","4,128","4,125","2,540","2,540"
2003 Q1,"104,779",156,139,17,"44,161","8,206","8,179",27,"35,020","33,719","1,301",222,51,662, [x] ,570,8,70,492,"1,922","1,154",770,297,87,768,768,"9,610","3,480","1,069","5,061",916,"1,442","2,281",144,278,"3,822",126,126,"3,696","3,696","7,477",47,381,269,"6,780","1,708","3,181","1,891", [x] ,"1,978","1,978","1,978","17,664","14,745","13,593","1,152","2,919","2,919","17,419","1,185",758,758,"1,543","1,543","3,348","1,687",430,441,269,521,"8,111","4,108","4,003","2,474","2,474"
2003 Q2,"110,624",163,142,21,"44,490","8,119","8,092",27,"35,403","34,084","1,319",224,52,692, [x] ,745,11,74,660,"1,822","1,067",691,277,99,755,755,"11,059","3,483","1,049","6,527",943,"1,565","2,781",920,318,"3,911",142,142,"3,769","3,769","7,908",43,386,256,"7,223","1,804","3,489","1,930", [x] ,"2,000","2,000","2,000","20,167","16,488","15,435","1,053","3,679","3,679","18,359","1,181",770,770,"1,559","1,559","4,102","1,711",518,647,573,653,"8,358","4,099","4,259","2,389","2,389"
2003 Q3,"116,393",169,143,26,"45,007","8,136","8,108",28,"35,894","34,561","1,333",237,46,694, [x] ,733,13,108,612,"1,790","1,034",663,269,102,756,756,"13,320","3,508","1,216","8,596","1,010","1,672","4,093","1,402",419,"4,014",151,151,"3,863","3,863","8,185",45,392,243,"7,505","1,843","3,644","2,018", [x] ,"2,031","2,031","2,031","22,276","17,328","16,322","1,006","4,948","4,948","18,868","1,152",783,783,"1,421","1,421","4,414","1,737",552,725,697,703,"8,748","4,230","4,518","2,350","2,350"
2003 Q4,"113,735",177,146,31,"45,400","8,132","8,105",27,"36,278","34,938","1,340",264,29,697, [x] ,615,19,103,493,"1,818","1,065",691,278,96,753,753,"10,732","3,478","1,022","6,232","1,074","1,637","2,774",443,304,"4,324",351,351,"3,973","3,973","7,907",50,399,206,"7,252","1,540","3,478","2,234", [x] ,"2,070","2,070","2,070","21,159","17,367","16,176","1,191","3,792","3,792","19,533","1,162",796,796,"1,395","1,395","4,032","1,755",497,614,540,626,"9,647","4,669","4,978","2,501","2,501"
2004 Q1,"110,283",163,137,26,"45,772","8,307","8,279",28,"36,444","35,100","1,344",282,27,712, [x] ,563,13,86,464,"2,003","1,208",819,302,87,795,795,"9,854","3,512",978,"5,364","1,164","1,368","2,378",132,322,"4,226",161,161,"4,065","4,065","7,836",59,405,216,"7,156","1,696","3,413","2,047", [x] ,"2,117","2,117","2,117","18,581","15,411","14,210","1,201","3,170","3,170","19,168","1,195",807,807,"1,603","1,603","3,911","1,999",475,510,346,581,"9,159","4,615","4,544","2,493","2,493"
2004 Q2,"117,758",154,131,23,"46,016","8,312","8,285",27,"36,621","35,274","1,347",300,36,747, [x] ,779,9,76,694,"2,027","1,230",811,332,87,797,797,"11,605","3,575","1,091","6,939","1,220","1,539","2,885",906,389,"4,310",137,137,"4,173","4,173","8,496",58,411,234,"7,793","1,879","3,612","2,302", [x] ,"2,158","2,158","2,158","21,340","17,200","16,068","1,132","4,140","4,140","20,873","1,256",820,820,"1,617","1,617","4,653","2,002",585,715,616,735,"10,101","5,023","5,078","2,426","2,426"
2004 Q3,"123,408",152,130,22,"46,442","8,448","8,421",27,"36,888","35,534","1,354",320,44,742, [x] ,760,4,111,645,"1,839","1,085",652,344,89,754,754,"14,112","3,709","1,228","9,175","1,293","1,629","4,319","1,456",478,"4,320",145,145,"4,175","4,175","8,300",51,415,267,"7,567","1,857","3,552","2,158", [x] ,"2,190","2,190","2,190","23,027","17,683","16,597","1,086","5,344","5,344","22,266","1,306",832,832,"1,570","1,570","5,106","2,010",612,841,853,790,"10,713","5,606","5,107","2,739","2,739"
2004 Q4,"120,158",166,143,23,"47,074","8,659","8,632",27,"37,274","35,911","1,363",355,45,741, [x] ,647,2,99,546,"1,985","1,188",767,327,94,797,797,"12,039","3,886","1,197","6,956","1,406","1,667","3,084",459,340,"4,447",281,281,"4,166","4,166","8,004",49,420,271,"7,264","1,593","3,608","2,063", [x] ,"2,216","2,216","2,216","22,468","18,262","17,040","1,222","4,206","4,206","21,112","1,349",843,843,"1,556","1,556","4,185","2,036",500,576,454,619,"10,458","5,529","4,929","2,721","2,721"
2005 Q1,"119,205",170,149,21,"47,734","8,892","8,865",27,"37,673","36,272","1,401",389,38,742, [x] ,592,3,94,495,"2,109","1,275",851,318,106,834,834,"11,423","4,159","1,166","6,098","1,337","1,491","2,785",142,343,"4,325",152,152,"4,173","4,173","8,077",51,423,258,"7,345","1,793","3,523","2,029", [x] ,"2,235","2,235","2,235","19,708","16,336","15,148","1,188","3,372","3,372","22,832","1,357",854,854,"1,775","1,775","5,362","2,558",617,757,656,774,"10,831","4,924","5,907","2,653","2,653"
2005 Q2,"125,618",169,150,19,"48,526","9,180","9,153",27,"38,095","36,678","1,417",398,39,814, [x] ,955,12,64,879,"2,095","1,251",814,324,113,844,844,"12,570","3,964","1,175","7,431","1,323","1,795","3,042",907,364,"4,292",139,139,"4,153","4,153","8,702",60,427,268,"7,947","2,210","3,665","2,072", [x] ,"2,250","2,250","2,250","22,075","17,917","16,748","1,169","4,158","4,158","23,984","1,326",865,865,"1,776","1,776","6,441","2,618",755,"1,043","1,045",980,"10,842","5,251","5,591","2,734","2,734"
2005 Q3,"130,150",159,140,19,"49,130","9,459","9,432",27,"38,397","36,973","1,424",420,31,823, [x] ,759,19,96,644,"2,362","1,430",939,347,144,932,932,"15,397","4,135","1,350","9,912","1,295","1,927","4,702","1,527",461,"4,351",135,135,"4,216","4,216","8,596",58,432,278,"7,828","1,921","3,671","2,236", [x] ,"2,291","2,291","2,291","23,982","18,622","17,567","1,055","5,360","5,360","23,123","1,302",876,876,"1,831","1,831","4,951","2,711",552,595,420,673,"11,049","5,423","5,626","3,114","3,114"
2005 Q4,"127,017",167,143,24,"49,481","9,695","9,668",27,"38,505","37,080","1,425",426,24,831, [x] ,914,26,86,802,"2,408","1,446",927,354,165,962,962,"12,581","3,917","1,293","7,371","1,351","1,994","3,202",492,332,"4,604",281,281,"4,323","4,323","8,599",50,438,320,"7,791","1,664","3,775","2,352", [x] ,"2,336","2,336","2,336","23,055","18,856","17,617","1,239","4,199","4,199","22,872","1,314",888,888,"1,728","1,728","5,086","2,778",556,616,456,680,"11,143","5,478","5,665","2,713","2,713"
2006 Q1,"123,238",171,147,24,"50,005","9,962","9,935",27,"38,807","37,404","1,403",386,27,823, [x] ,685,23,70,592,"1,773",936,403,335,198,837,837,"11,435","3,727","1,316","6,392","1,321","1,725","2,830",168,348,"4,515",135,135,"4,380","4,380","8,769",38,443,340,"7,948","2,102","3,671","2,175", [x] ,"2,382","2,382","2,382","20,123","16,688","15,453","1,235","3,435","3,435","23,380","1,368",900,900,"2,040","2,040","4,749","3,227",324,410,379,409,"11,484","5,253","6,231","2,839","2,839"
2006 Q2,"130,497",179,155,24,"50,651","10,243","10,215",28,"39,118","37,712","1,406",390,38,862, [x] ,917,14,64,839,"1,807",954,428,350,176,853,853,"13,573","3,963","1,271","8,339","1,278","2,058","3,406","1,166",431,"4,505",118,118,"4,387","4,387","9,533",33,447,360,"8,693","2,342","4,046","2,305", [x] ,"2,449","2,449","2,449","23,157","18,711","17,533","1,178","4,446","4,446","23,726","1,404",913,913,"1,978","1,978","5,009","3,247",356,476,476,454,"11,643","5,187","6,456","2,779","2,779"
2006 Q3,"135,421",179,155,24,"51,331","10,465","10,436",29,"39,488","38,063","1,425",475,53,850, [x] ,837,11,86,740,"1,991","1,095",570,374,151,896,896,"15,948","3,842","1,465","10,641","1,268","2,185","4,824","1,824",540,"4,469",128,128,"4,341","4,341","9,001",38,448,378,"8,137","1,905","4,041","2,191", [x] ,"2,529","2,529","2,529","24,814","18,987","17,927","1,060","5,827","5,827","24,322","1,402",926,926,"1,977","1,977","4,303","3,250",269,275,183,326,"12,576","6,018","6,558","3,138","3,138"
2006 Q4,"131,087",184,160,24,"51,771","10,704","10,674",30,"39,679","38,229","1,450",491,59,838, [x] ,813,7,91,715,"2,007","1,162",588,448,126,845,845,"12,663","3,588","1,320","7,755","1,300","2,154","3,406",450,445,"4,638",284,284,"4,354","4,354","8,866",43,447,383,"7,993","1,650","3,895","2,448", [x] ,"2,624","2,624","2,624","23,133","18,977","17,737","1,240","4,156","4,156","24,388","1,377",939,939,"1,826","1,826","4,542","3,260",291,343,283,365,"12,870","6,127","6,743","2,834","2,834"
2007 Q1,"128,106",187,165,22,"52,409","10,881","10,849",32,"40,097","38,594","1,503",539,55,837, [x] ,610,8,88,514,"2,480","1,545",916,506,123,935,935,"11,914","3,850","1,368","6,696","1,269","1,760","2,993",203,471,"4,545",167,167,"4,378","4,378","9,202",44,444,392,"8,322","2,189","3,809","2,324", [x] ,"2,748","2,748","2,748","20,244","16,821","15,602","1,219","3,423","3,423","23,767","1,373",954,954,"2,076","2,076","4,414","2,878",416,405,214,501,"12,101","5,429","6,672","2,849","2,849"
2007 Q2,"138,175",186,165,21,"52,866","11,143","11,111",32,"40,313","38,792","1,521",479,40,891, [x] ,753,9,62,682,"2,357","1,462",788,555,119,895,895,"15,005","4,142","1,317","9,546","1,398","2,138","4,182","1,310",518,"4,483",155,155,"4,328","4,328","9,520",38,441,378,"8,663","2,158","4,182","2,323", [x] ,"2,850","2,850","2,850","24,072","19,429","18,257","1,172","4,643","4,643","26,083","1,380",968,968,"1,960","1,960","6,095","2,918",651,863,829,834,"12,473","5,660","6,813","3,207","3,207"
2007 Q3,"143,642",184,163,21,"53,389","11,435","11,404",31,"40,538","39,027","1,511",494,30,892, [x] ,796,12,79,705,"2,278","1,373",717,539,117,905,905,"17,340","4,400","1,535","11,405","1,513","2,316","4,915","1,985",676,"4,597",144,144,"4,453","4,453","9,187",35,438,398,"8,316","1,762","4,360","2,194", [x] ,"2,928","2,928","2,928","26,255","20,377","19,323","1,054","5,878","5,878","26,688","1,403",982,982,"1,848","1,848","5,683","2,938",588,740,673,744,"13,477","6,610","6,867","3,295","3,295"
2007 Q4,"137,861",182,162,20,"53,622","11,680","11,650",30,"40,717","39,234","1,483",310,26,889, [x] ,681,9,71,601,"2,302","1,363",769,484,110,939,939,"14,385","4,493","1,404","8,488","1,556","2,349","3,416",635,532,"4,897",313,313,"4,584","4,584","9,173",37,439,370,"8,327","1,644","4,172","2,511", [x] ,"3,001","3,001","3,001","24,182","19,962","18,681","1,281","4,220","4,220","25,436","1,404",997,997,"1,945","1,945","5,663","2,939",604,733,636,751,"12,500","5,513","6,987","2,927","2,927"
2008 Q1,"137,543",195,175,20,"54,477","12,006","11,976",30,"41,190","39,686","1,504",398,33,850, [x] ,568,5,61,502,"2,363","1,388",837,441,110,975,975,"13,732","4,562","1,416","7,754","1,605","2,010","3,389",245,505,"4,692",149,149,"4,543","4,543","9,752",33,439,407,"8,873","2,132","4,093","2,648", [x] ,"3,020","3,020","3,020","21,770","18,139","16,952","1,187","3,631","3,631","26,974","1,454","1,011","1,011","2,791","2,791","4,885","1,885",649,811,726,814,"13,923","7,396","6,527","2,910","2,910"
2008 Q2,"142,975",206,187,19,"55,030","12,274","12,244",30,"41,457","39,924","1,533",367,41,891, [x] ,729,6,37,686,"2,352","1,343",782,449,112,"1,009","1,009","15,712","4,592","1,458","9,662","1,709","2,211","3,709","1,537",496,"4,741",103,103,"4,638","4,638","10,119",28,441,381,"9,269","2,261","4,339","2,669", [x] ,"3,042","3,042","3,042","25,139","20,496","19,295","1,201","4,643","4,643","25,905","1,430","1,024","1,024","2,398","2,398","4,272","1,800",555,665,561,691,"13,751","7,439","6,312","3,030","3,030"
2008 Q3,"145,977",212,192,20,"55,524","12,524","12,492",32,"41,730","40,156","1,574",349,41,880, [x] ,856,17,63,776,"2,394","1,334",748,459,127,"1,060","1,060","17,379","4,497","1,558","11,324","1,652","2,272","4,844","2,072",484,"4,602",95,95,"4,507","4,507","9,717",28,442,469,"8,778","2,065","4,453","2,260", [x] ,"3,098","3,098","3,098","26,450","20,720","19,612","1,108","5,730","5,730","25,745","1,419","1,032","1,032","2,294","2,294","4,319","1,724",561,698,630,706,"13,603","7,601","6,002","3,078","3,078"
2008 Q4,"137,824",194,171,23,"56,420","12,753","12,719",34,"42,283","40,657","1,626",470,35,879, [x] ,760,19,65,676,"2,558","1,430",827,468,135,"1,128","1,128","13,245","4,184","1,424","7,637","1,518","2,063","3,174",445,437,"4,730",230,230,"4,500","4,500","8,845",31,442,486,"7,886","1,646","3,852","2,388", [x] ,"3,162","3,162","3,162","22,526","18,533","17,256","1,277","3,993","3,993","25,384","1,367","1,040","1,040","2,242","2,242","3,839","1,655",512,585,448,639,"13,983","8,015","5,968","2,913","2,913"
2009 Q1,"133,104",177,154,23,"56,417","12,930","12,896",34,"42,144","40,481","1,663",397,41,905, [x] ,632,12,47,573,"2,462","1,316",733,427,156,"1,146","1,146","12,539","4,123","1,461","6,955","1,581","1,661","3,126",193,394,"4,433",139,139,"4,294","4,294","9,508",36,442,473,"8,557","2,156","4,002","2,399", [x] ,"3,299","3,299","3,299","20,194","16,807","15,543","1,264","3,387","3,387","23,443","1,443","1,046","1,046","2,534","2,534","4,541","2,519",471,542,429,580,"11,108","5,168","5,940","2,771","2,771"
2009 Q2,"138,079",170,147,23,"56,284","13,077","13,041",36,"41,905","40,196","1,709",308,35,959, [x] ,767,13,38,716,"2,480","1,296",719,413,164,"1,184","1,184","14,360","4,058","1,469","8,833","1,572","1,716","3,656","1,460",429,"4,534",119,119,"4,415","4,415","9,713",48,442,449,"8,774","2,242","4,180","2,352", [x] ,"3,385","3,385","3,385","23,011","18,811","17,569","1,242","4,200","4,200","23,375","1,475","1,052","1,052","2,450","2,450","5,258","2,533",568,738,696,723,"10,212","4,463","5,749","2,928","2,928"
2009 Q3,"140,476",164,141,23,"56,312","13,177","13,140",37,"41,768","40,006","1,762",369,36,962, [x] ,773,17,67,689,"2,548","1,320",715,435,170,"1,228","1,228","16,197","4,044","1,565","10,588","1,600","1,772","4,723","1,982",511,"4,496",134,134,"4,362","4,362","9,340",62,441,446,"8,391","1,946","4,277","2,168", [x] ,"3,467","3,467","3,467","24,668","19,462","18,300","1,162","5,206","5,206","22,511","1,444","1,060","1,060","2,365","2,365","4,984","2,585",516,645,587,651,"9,604","3,912","5,692","3,054","3,054"
2009 Q4,"134,493",162,135,27,"56,498","13,293","13,255",38,"41,813","39,999","1,814",395,42,955, [x] ,712,18,64,630,"2,620","1,376",728,486,162,"1,244","1,244","13,096","4,042","1,522","7,532","1,645","1,764","3,111",624,388,"4,647",277,277,"4,370","4,370","8,774",70,438,478,"7,788","1,647","3,912","2,229", [x] ,"3,519","3,519","3,519","22,620","18,750","17,403","1,347","3,870","3,870","21,845","1,414","1,069","1,069","2,471","2,471","4,423","2,633",428,477,356,529,"9,401","3,664","5,737","3,067","3,067"
2010 Q1,"131,194",161,134,27,"56,992","13,495","13,456",39,"42,092","40,211","1,881",411,35,959, [x] ,796,8,69,719,"2,593","1,357",662,532,163,"1,236","1,236","12,676","4,144","1,705","6,827","1,628","1,596","2,921",242,440,"4,622",131,131,"4,491","4,491","8,959",61,436,437,"8,025","2,241","3,578","2,206", [x] ,"3,582","3,582","3,582","19,523","16,417","15,157","1,260","3,106","3,106","21,290","1,493","1,079","1,079","2,777","2,777","4,326","2,442",429,506,416,533,"8,680","3,110","5,570","2,935","2,935"
2010 Q2,"141,836",168,142,26,"57,588","13,816","13,775",41,"42,395","40,471","1,924",364,36,977, [x] ,938,6,48,884,"2,527","1,312",660,495,157,"1,215","1,215","15,368","4,407","1,776","9,185","1,788","1,871","3,515","1,490",521,"4,833",129,129,"4,704","4,704","9,935",52,435,450,"8,998","2,403","4,320","2,275", [x] ,"3,617","3,617","3,617","24,244","19,728","18,429","1,299","4,516","4,516","22,618","1,582","1,089","1,089","2,800","2,800","4,941","2,442",520,676,640,663,"9,085","3,472","5,613","3,121","3,121"
2010 Q3,"146,805",172,151,21,"58,090","14,174","14,133",41,"42,597","40,654","1,943",315,31,973, [x] ,994,9,82,903,"2,562","1,374",706,520,148,"1,188","1,188","18,384","4,606","1,744","12,034","1,840","2,075","5,257","2,140",722,"4,943",172,172,"4,771","4,771","9,486",43,437,452,"8,554","2,114","4,355","2,085", [x] ,"3,661","3,661","3,661","26,135","20,325","19,200","1,125","5,810","5,810","22,378","1,614","1,097","1,097","2,522","2,522","4,653","2,385",492,609,546,621,"9,311","3,723","5,588","3,181","3,181"
2010 Q4,"141,734",167,149,18,"58,302","14,416","14,375",41,"42,615","40,677","1,938",261,32,978, [x] ,796,17,69,710,"2,608","1,454",769,552,133,"1,154","1,154","14,888","4,623","1,661","8,604","1,853","2,108","3,377",726,540,"5,214",345,345,"4,869","4,869","9,331",42,440,467,"8,382","1,688","4,326","2,368", [x] ,"3,715","3,715","3,715","24,651","20,393","19,090","1,303","4,258","4,258","22,062","1,595","1,105","1,105","2,491","2,491","4,126","2,240",449,503,381,553,"9,391","3,803","5,588","3,354","3,354"
2011 Q1,"139,769",162,145,17,"58,513","14,561","14,520",41,"42,586","40,649","1,937",341,28,997, [x] ,806,17,59,730,"2,920","1,732",978,631,123,"1,188","1,188","14,385","4,522","1,793","8,070","1,963","1,863","3,309",393,542,"4,956",146,146,"4,810","4,810","10,079",40,446,499,"9,094","2,271","4,293","2,530", [x] ,"3,794","3,794","3,794","22,067","18,248","16,923","1,325","3,819","3,819","22,087","1,555","1,111","1,111","2,771","2,771","4,358","2,082",574,605,402,695,"9,327","3,814","5,513","2,965","2,965"
2011 Q2,"146,418",149,133,16,"58,893","14,775","14,735",40,"42,690","40,750","1,940",379,30,"1,019", [x] ,887,15,60,812,"2,670","1,572",815,583,174,"1,098","1,098","16,604","4,473","1,624","10,507","2,010","1,946","4,231","1,658",662,"4,867",135,135,"4,732","4,732","10,729",40,452,485,"9,752","2,649","4,694","2,409", [x] ,"3,833","3,833","3,833","25,148","20,343","19,091","1,252","4,805","4,805","22,638","1,520","1,119","1,119","2,518","2,518","5,477","1,915",726,967,938,931,"9,185","3,359","5,826","2,819","2,819"
2011 Q3,"150,593",169,151,18,"59,161","14,940","14,899",41,"42,804","40,853","1,951",367,24,"1,026", [x] ,905,10,69,826,"2,724","1,634",852,565,217,"1,090","1,090","19,226","4,478","1,608","13,140","2,104","2,025","6,220","1,985",806,"4,983",148,148,"4,835","4,835","10,037",43,458,544,"8,992","2,308","4,377","2,307", [x] ,"3,903","3,903","3,903","27,265","21,228","20,098","1,130","6,037","6,037","22,220","1,536","1,126","1,126","2,479","2,479","4,790","1,849",637,791,710,803,"9,120","3,411","5,709","3,169","3,169"
2011 Q4,"146,310",179,159,20,"59,797","15,215","15,174",41,"43,083","41,111","1,972",451,22,"1,026", [x] ,850,18,72,760,"2,684","1,596",847,490,259,"1,088","1,088","15,377","4,500","1,526","9,351","2,162","2,050","3,755",789,595,"5,304",358,358,"4,946","4,946","9,576",40,464,559,"8,513","1,800","4,329","2,384", [x] ,"3,979","3,979","3,979","25,608","20,875","19,547","1,328","4,733","4,733","22,956","1,526","1,135","1,135","2,673","2,673","4,600","1,871",605,734,632,758,"9,252","3,714","5,538","3,770","3,770"
2012 Q1,"143,576",206,185,21,"60,794","15,734","15,691",43,"43,597","41,572","2,025",420,24,"1,019", [x] ,743,23,63,657,"2,840","1,708",971,518,219,"1,132","1,132","14,711","4,621","1,613","8,477","2,133","1,765","3,591",476,512,"5,086",184,184,"4,902","4,902","9,868",32,470,532,"8,834","2,371","4,114","2,349", [x] ,"4,009","4,009","4,009","22,545","18,390","17,075","1,315","4,155","4,155","22,774","1,529","1,146","1,146","2,623","2,623","4,930","1,995",664,790,653,828,"9,399","4,036","5,363","3,147","3,147"
2012 Q2,"152,256",192,169,23,"61,781","16,166","16,122",44,"44,082","42,012","2,070",440,25,"1,068", [x] ,862,16,24,822,"2,752","1,598",875,526,197,"1,154","1,154","17,399","4,674","1,494","11,231","2,239","1,959","4,577","1,876",580,"5,017",171,171,"4,846","4,846","10,297",27,477,518,"9,275","2,453","4,378","2,444", [x] ,"4,105","4,105","4,105","26,198","20,897","19,647","1,250","5,301","5,301","23,653","1,566","1,155","1,155","2,903","2,903","5,769","2,121",749,990,951,958,"8,926","3,562","5,364","3,334","3,334"
2012 Q3,"158,921",190,168,22,"62,422","16,420","16,375",45,"44,501","42,391","2,110",409,26,"1,066", [x] ,953,15,66,872,"2,892","1,659",893,594,172,"1,233","1,233","20,286","4,659","1,530","14,097","2,292","2,087","6,500","2,454",764,"5,051",158,158,"4,893","4,893","11,466",33,484,512,"10,437","3,185","4,855","2,397", [x] ,"4,219","4,219","4,219","28,553","21,864","20,772","1,092","6,689","6,689","22,889","1,585","1,164","1,164","2,734","2,734","5,314","2,243",669,826,735,841,"8,274","2,981","5,293","3,818","3,818"
2012 Q4,"153,418",169,146,23,"62,944","16,598","16,551",47,"44,844","42,709","2,135",409,29,"1,064", [x] ,899,10,85,804,"3,133","1,787",965,631,191,"1,346","1,346","16,045","4,621","1,489","9,935","2,390","2,098","3,803","1,118",526,"5,247",399,399,"4,848","4,848","10,390",37,493,538,"9,322","1,912","4,878","2,532", [x] ,"4,587","4,587","4,587","27,673","22,476","21,208","1,268","5,197","5,197","22,331","1,566","1,171","1,171","2,884","2,884","4,820","2,350",594,659,486,731,"8,017","2,735","5,282","3,873","3,873"
2013 Q1,"150,347",175,156,19,"63,590","16,852","16,804",48,"45,186","43,006","2,180",459,31,"1,062", [x] ,805,9,64,732,"3,206","1,790",893,684,213,"1,416","1,416","15,115","4,576","1,566","8,973","2,356","1,779","3,926",387,525,"5,101",167,167,"4,934","4,934","10,924",31,503,602,"9,788","2,446","4,803","2,539", [x] ,"4,553","4,553","4,553","23,944","19,429","18,129","1,300","4,515","4,515","22,934","1,557","1,178","1,178","3,022","3,022","5,434","2,472",638,800,719,805,"8,069","2,820","5,249","3,674","3,674"
2013 Q2,"160,019",174,157,17,"64,399","17,234","17,185",49,"45,611","43,400","2,211",401,31,"1,122", [x] ,937,10,49,878,"3,359","1,847",882,745,220,"1,512","1,512","18,449","4,563","1,563","12,323","2,486","2,090","4,915","2,159",673,"4,935",145,145,"4,790","4,790","11,420",33,515,583,"10,289","2,630","4,944","2,715", [x] ,"4,630","4,630","4,630","27,759","21,965","20,669","1,296","5,794","5,794","23,957","1,584","1,186","1,186","3,366","3,366","5,685","2,622",651,827,761,824,"8,539","3,044","5,495","3,597","3,597"
2013 Q3,"167,407",192,178,14,"65,161","17,544","17,494",50,"45,999","43,767","2,232",471,26,"1,121", [x] ,935,8,55,872,"3,426","1,858",865,767,226,"1,568","1,568","21,554","4,556","1,680","15,318","2,649","2,165","6,875","2,758",871,"4,848",147,147,"4,701","4,701","11,652",38,529,575,"10,510","2,405","5,494","2,611", [x] ,"4,868","4,868","4,868","30,398","22,862","21,682","1,180","7,536","7,536","24,373","1,625","1,195","1,195","3,303","3,303","5,543","2,827",599,728,637,752,"8,829","3,124","5,705","3,878","3,878"
2013 Q4,"161,127",201,183,18,"65,777","17,788","17,738",50,"46,455","44,212","2,243",391,21,"1,122", [x] ,940,5,77,858,"3,432","1,876",915,751,210,"1,556","1,556","16,835","4,481","1,651","10,703","2,534","2,139","4,135","1,262",633,"5,193",292,292,"4,901","4,901","11,257",48,544,583,"10,082","2,071","5,010","3,001", [x] ,"4,960","4,960","4,960","28,602","23,023","21,712","1,311","5,579","5,579","23,930","1,637","1,202","1,202","3,311","3,311","5,302","3,059",538,597,446,662,"8,763","2,791","5,972","3,715","3,715"
2014 Q1,"159,746",206,185,21,"66,509","18,120","18,069",51,"46,798","44,523","2,275",434,34,"1,123", [x] ,915,5,84,826,"3,543","1,995","1,006",797,192,"1,548","1,548","15,501","4,294","1,754","9,453","2,426","1,859","4,201",363,604,"5,092",144,144,"4,948","4,948","11,450",46,558,582,"10,264","2,537","4,705","3,022", [x] ,"5,141","5,141","5,141","25,462","20,573","19,167","1,406","4,889","4,889","25,927","1,644","1,211","1,211","3,022","3,022","6,424","3,280",704,847,712,881,"10,110","3,886","6,224","3,516","3,516"
2014 Q2,"170,354",200,179,21,"67,246","18,412","18,361",51,"47,256","44,954","2,302",434,37,"1,107", [x] ,913,4,67,842,"3,450","1,947","1,021",749,177,"1,503","1,503","18,601","4,257","1,774","12,570","2,553","1,985","5,091","2,217",724,"4,960",125,125,"4,835","4,835","11,939",44,569,591,"10,735","2,724","4,807","3,204", [x] ,"5,303","5,303","5,303","29,352","23,304","21,976","1,328","6,048","6,048","28,390","1,667","1,219","1,219","3,468","3,468","6,982","3,314",783,989,906,990,"11,380","4,925","6,455","3,674","3,674"
2014 Q3,"178,414",195,174,21,"67,859","18,510","18,458",52,"47,733","45,405","2,328",459,46,"1,111", [x] ,973,5,93,875,"3,372","1,892",999,721,172,"1,480","1,480","21,824","4,302","1,984","15,538","2,662","2,113","6,970","2,892",901,"5,073",158,158,"4,915","4,915","12,975",45,577,557,"11,796","3,118","5,730","2,948", [x] ,"5,467","5,467","5,467","31,836","23,910","22,742","1,168","7,926","7,926","28,840","1,707","1,225","1,225","4,074","4,074","6,159","3,124",682,812,691,850,"11,677","5,334","6,343","3,998","3,998"
2014 Q4,"170,332",181,160,21,"68,350","18,511","18,458",53,"48,219","45,875","2,344",453,50,"1,117", [x] ,"1,088",9,78,"1,001","3,375","1,910",952,754,204,"1,465","1,465","17,236","4,315","1,806","11,115","2,601","2,103","4,452","1,323",636,"5,349",380,380,"4,969","4,969","12,108",46,581,581,"10,900","2,250","5,381","3,269", [x] ,"5,629","5,629","5,629","29,536","23,681","22,400","1,281","5,855","5,855","27,480","1,745","1,232","1,232","3,266","3,266","5,805","2,736",684,825,704,856,"11,571","5,411","6,160","3,861","3,861"
2015 Q1,"166,209",178,157,21,"68,875","18,689","18,635",54,"48,523","46,132","2,391",481,59,"1,123", [x] ,923,11,82,830,"3,452","1,988",929,819,240,"1,464","1,464","16,409","4,439","1,951","10,019","2,595","1,795","4,549",528,552,"5,122",192,192,"4,930","4,930","12,306",53,583,602,"11,068","2,976","5,141","2,951", [x] ,"5,788","5,788","5,788","26,856","21,601","20,264","1,337","5,255","5,255","26,300","1,738","1,241","1,241","3,395","3,395","5,066","2,227",633,764,650,792,"11,126","5,279","5,847","3,734","3,734"
2015 Q2,"175,047",178,155,23,"69,564","18,885","18,830",55,"49,071","46,646","2,425",442,47,"1,119", [x] ,932,7,65,860,"3,566","2,062",868,920,274,"1,504","1,504","19,320","4,494","1,972","12,854","2,680","2,027","5,131","2,342",674,"5,057",182,182,"4,875","4,875","12,564",55,583,648,"11,278","2,894","5,228","3,156", [x] ,"5,940","5,940","5,940","30,435","24,095","22,779","1,316","6,340","6,340","27,491","1,753","1,252","1,252","4,383","4,383","5,031","1,874",668,852,791,846,"11,340","5,621","5,719","3,732","3,732"
2015 Q3,"181,881",175,154,21,"70,292","19,092","19,036",56,"49,621","47,169","2,452",414,42,"1,123", [x] ,908,3,82,823,"3,646","2,097",882,969,246,"1,549","1,549","22,774","4,498","2,039","16,237","2,743","2,106","7,647","2,838",903,"5,063",191,191,"4,872","4,872","13,007",53,585,663,"11,706","2,861","5,859","2,986", [x] ,"6,079","6,079","6,079","33,162","24,782","23,627","1,155","8,380","8,380","26,775","1,768","1,266","1,266","4,296","4,296","4,200","1,743",566,654,535,702,"11,438","5,678","5,760","3,807","3,807"
2015 Q4,"176,179",153,135,18,"71,042","19,320","19,264",56,"50,161","47,690","2,471",396,43,"1,122", [x] ,"1,196",2,102,"1,092","3,763","2,187",899,"1,067",221,"1,576","1,576","17,767","4,396","2,000","11,371","2,764","2,119","4,586","1,277",625,"5,465",562,562,"4,903","4,903","12,469",58,588,637,"11,186","2,370","5,503","3,313", [x] ,"6,209","6,209","6,209","31,037","24,235","22,882","1,353","6,802","6,802","27,078","1,825","1,287","1,287","3,449","3,449","4,911","1,847",664,825,738,837,"11,756","5,720","6,036","3,850","3,850"
2016 Q1,"173,136",147,131,16,"72,440","19,720","19,661",59,"51,110","48,576","2,534",434,47,"1,129", [x] ,"1,094",4,138,952,"3,899","2,276",912,"1,151",213,"1,623","1,623","16,631","4,303","2,110","10,218","2,736","1,791","4,447",642,602,"5,154",203,203,"4,951","4,951","12,410",58,592,635,"11,125","2,881","5,283","2,961", [x] ,"6,332","6,332","6,332","27,523","22,201","20,794","1,407","5,322","5,322","27,506","1,811","1,306","1,306","3,855","3,855","5,020","2,084",584,698,906,748,"11,792","5,242","6,550","3,722","3,722"
2016 Q2,"184,352",154,138,16,"73,393","19,878","19,817",61,"51,826","49,232","2,594",490,53,"1,146", [x] ,"1,257",2,110,"1,145","3,885","2,205",861,"1,111",233,"1,680","1,680","19,829","4,333","2,163","13,333","2,865","2,055","5,196","2,418",799,"5,197",189,189,"5,008","5,008","12,783",54,597,656,"11,476","3,126","5,543","2,807", [x] ,"6,437","6,437","6,437","32,118","25,076","23,717","1,359","7,042","7,042","29,299","1,860","1,326","1,326","4,093","4,093","5,232","2,331",499,697,"1,043",662,"12,731","5,767","6,964","4,057","4,057"
2016 Q3,"193,087",187,169,18,"73,940","20,012","19,949",63,"52,225","49,581","2,644",512,51,"1,140", [x] ,"1,314",5,122,"1,187","4,084","2,290",880,"1,151",259,"1,794","1,794","23,405","4,381","2,165","16,859","2,922","2,111","7,872","2,894","1,060","5,330",227,227,"5,103","5,103","13,247",54,605,743,"11,845","2,987","6,176","2,682", [x] ,"6,530","6,530","6,530","35,249","26,181","24,988","1,193","9,068","9,068","29,801","1,937","1,342","1,342","4,055","4,055","5,265","2,481",655,534,833,762,"13,650","5,925","7,725","3,552","3,552"
2016 Q4,"186,086",208,188,20,"74,175","19,997","19,932",65,"52,493","49,808","2,685",505,47,"1,133", [x] ,"1,292",9,117,"1,166","4,014","2,562","1,163","1,130",269,"1,452","1,452","18,439","4,449","2,197","11,793","2,966","2,110","4,620","1,394",703,"5,661",481,481,"5,180","5,180","12,707",56,615,782,"11,254","2,804","5,730","2,720", [x] ,"6,608","6,608","6,608","33,250","25,922","24,524","1,398","7,328","7,328","29,732","1,980","1,355","1,355","3,616","3,616","4,889","2,490",525,606,652,616,"13,760","5,978","7,782","4,132","4,132"
2017 Q1,"180,497",226,207,19,"73,949","19,973","19,907",66,"52,323","49,645","2,678",468,44,"1,141", [x] ,"1,084",9,127,948,"4,171","2,489",986,"1,224",279,"1,682","1,682","17,395","4,560","2,388","10,447","2,907","1,856","4,485",522,677,"5,396",214,214,"5,182","5,182","12,745",65,626,812,"11,242","3,063","5,534","2,645", [x] ,"6,674","6,674","6,674","29,885","24,040","22,553","1,487","5,845","5,845","28,972","2,019","1,369","1,369","3,868","3,868","4,708","2,454",479,680,527,568,"13,095","5,506","7,589","3,913","3,913"
2017 Q2,"190,612",205,188,17,"73,979","20,014","19,947",67,"52,302","49,611","2,691",445,55,"1,163", [x] ,"1,225",8,113,"1,104","4,204","2,471","1,010","1,206",255,"1,733","1,733","21,258","4,740","2,593","13,925","2,908","2,031","5,749","2,360",877,"5,530",201,201,"5,329","5,329","12,942",59,638,820,"11,425","3,149","5,435","2,841", [x] ,"6,744","6,744","6,744","34,144","26,566","25,181","1,385","7,578","7,578","30,381","2,004","1,380","1,380","3,943","3,943","5,490","2,269",558,705,"1,170",788,"13,409","5,352","8,057","4,155","4,155"
2017 Q3,"196,792",180,165,15,"74,290","20,018","19,951",67,"52,564","49,853","2,711",489,49,"1,170", [x] ,"1,324",10,126,"1,188","3,757","2,037",647,"1,167",223,"1,720","1,720","24,418","4,859","2,607","16,952","3,014","2,309","7,588","2,960","1,081","5,602",245,245,"5,357","5,357","13,657",58,648,822,"12,129","3,064","6,138","2,927", [x] ,"6,826","6,826","6,826","37,601","27,667","26,368","1,299","9,934","9,934","29,137","2,003","1,390","1,390","4,082","4,082","4,422","2,031",265,500,979,647,"13,022","5,160","7,862","4,218","4,218"
2017 Q4,"190,909",156,143,13,"74,732","20,060","19,993",67,"52,998","50,264","2,734",455,51,"1,168", [x] ,"1,135",7,123,"1,005","4,067","2,347","1,038","1,115",194,"1,720","1,720","20,102","4,863","2,615","12,624","3,049","2,243","5,255","1,309",768,"6,026",536,536,"5,490","5,490","13,256",54,659,850,"11,693","2,912","5,797","2,984", [x] ,"6,918","6,918","6,918","34,700","27,473","26,017","1,456","7,227","7,227","29,817","2,001","1,401","1,401","4,044","4,044","4,766","1,782",445,779,995,765,"13,090","5,147","7,943","4,515","4,515"
2018 Q1,"185,561",173,161,12,"75,291","20,145","20,074",71,"53,443","50,649","2,794",470,49,"1,184", [x] ,"1,121",10,138,973,"4,110","2,365","1,050","1,115",200,"1,745","1,745","19,234","4,833","2,583","11,818","2,924","1,901","5,631",614,748,"5,435",222,222,"5,213","5,213","13,058",50,668,869,"11,471","3,161","5,562","2,748", [x] ,"7,021","7,021","7,021","30,438","24,284","22,860","1,424","6,154","6,154","29,680","2,049","1,413","1,413","4,220","4,220","4,242","1,585",389,828,818,622,"13,475","5,924","7,551","4,281","4,281"
2018 Q2,"196,363",196,185,11,"75,840","20,300","20,228",72,"53,821","50,995","2,826",447,57,"1,215", [x] ,"1,314",8,132,"1,174","4,041","2,261",948,"1,077",236,"1,780","1,780","23,280","4,919","3,015","15,346","3,093","2,177","6,436","2,726",914,"5,372",197,197,"5,175","5,175","13,363",54,677,867,"11,765","3,184","5,623","2,958", [x] ,"7,106","7,106","7,106","35,517","27,919","26,473","1,446","7,598","7,598","30,334","2,060","1,422","1,422","3,961","3,961","4,638","1,477",535,756,"1,144",726,"13,946","6,340","7,606","4,307","4,307"
2018 Q3,"203,848",206,196,10,"76,322","20,436","20,363",73,"54,170","51,314","2,856",446,60,"1,210", [x] ,"1,445",10,154,"1,281","3,773","2,012",688,"1,062",262,"1,761","1,761","27,033","5,035","2,911","19,087","3,176","2,439","8,826","3,460","1,186","5,396",202,202,"5,194","5,194","14,157",61,682,922,"12,492","2,869","6,615","3,008", [x] ,"7,172","7,172","7,172","38,249","28,802","27,561","1,241","9,447","9,447","30,095","2,111","1,431","1,431","4,087","4,087","3,844","1,514",483,486,793,568,"14,375","6,741","7,634","4,247","4,247"
2018 Q4,"198,099",190,179,11,"76,825","20,554","20,481",73,"54,561","51,693","2,868",455,53,"1,202", [x] ,"1,355",10,158,"1,187","4,165","2,398",996,"1,131",271,"1,767","1,767","21,152","5,067","2,766","13,319","3,295","2,369","5,491","1,327",837,"5,610",445,445,"5,165","5,165","13,767",62,687,881,"12,137","2,682","6,489","2,966", [x] ,"7,222","7,222","7,222","35,975","28,352","26,898","1,454","7,623","7,623","31,838","2,143","1,437","1,437","3,756","3,756","4,856","1,686",430,880,"1,133",727,"15,054","7,104","7,950","4,592","4,592"
2019 Q1,"190,650",183,169,14,"77,108","20,615","20,542",73,"54,809","51,938","2,871",441,49,"1,194", [x] ,"1,299",9,133,"1,157","4,188","2,379","1,050","1,076",253,"1,809","1,809","20,132","4,928","2,904","12,300","3,339","2,080","5,495",557,829,"5,313",202,202,"5,111","5,111","13,592",58,690,920,"11,924","3,043","5,869","3,012", [x] ,"7,270","7,270","7,270","30,537","24,786","23,360","1,426","5,751","5,751","31,028","2,189","1,465","1,465","3,856","3,856","4,798","1,973",462,888,838,637,"14,102","6,376","7,726","4,618","4,618"
2019 Q2,"201,355",200,182,18,"77,460","20,678","20,604",74,"55,054","52,171","2,883",449,48,"1,231", [x] ,"1,460",10,123,"1,327","3,954","2,120",872,994,254,"1,834","1,834","24,605","4,763","3,227","16,615","3,509","2,307","6,804","2,913","1,082","5,271",191,191,"5,080","5,080","14,462",53,695,903,"12,811","3,543","6,039","3,229", [x] ,"7,303","7,303","7,303","35,912","27,963","26,435","1,528","7,949","7,949","30,728","2,188","1,482","1,482","3,678","3,678","5,005","2,190",549,768,848,650,"13,887","5,776","8,111","4,488","4,488"
2019 Q3,"207,893",235,214,21,"77,831","20,786","20,711",75,"55,298","52,406","2,892",459,50,"1,238", [x] ,"1,439",7,121,"1,311","3,809","1,884",667,961,256,"1,925","1,925","27,169","4,636","3,281","19,252","3,478","2,398","8,544","3,423","1,409","5,313",204,204,"5,109","5,109","14,892",49,704,972,"13,167","3,127","7,098","2,942", [x] ,"7,327","7,327","7,327","39,424","29,659","28,333","1,326","9,765","9,765","30,454","2,218","1,507","1,507","3,921","3,921","4,628","2,310",516,597,654,551,"13,998","5,703","8,295","4,182","4,182"
2019 Q4,"202,902",254,235,19,"78,143","20,809","20,733",76,"55,555","52,643","2,912",453,64,"1,262", [x] ,"1,391",4,156,"1,231","4,115","2,212","1,034",933,245,"1,903","1,903","20,863","4,469","3,330","13,064","3,210","2,204","5,429","1,322",899,"5,912",436,436,"5,476","5,476","14,763",44,715,962,"13,042","2,910","7,099","3,033", [x] ,"7,347","7,347","7,347","38,146","29,647","28,167","1,480","8,499","8,499","31,968","2,027","1,539","1,539","3,890","3,890","5,043","2,318",492,861,795,577,"14,802","6,209","8,593","4,667","4,667"
2020 Q1,"190,483",235,223,12,"78,539","20,786","20,709",77,"55,893","52,961","2,932",457,70,"1,333", [x] ,"1,162",1,103,"1,058","4,019","2,163",969,956,238,"1,856","1,856","17,653","4,573","3,093","9,987","2,433","1,738","4,820",343,653,"5,546",221,221,"5,325","5,325","14,101",51,601,966,"12,483","3,253","6,580","2,650", [x] ,"7,505","7,505","7,505","31,248","25,480","24,108","1,372","5,768","5,768","30,475","1,970","1,458","1,458","3,705","3,705","4,748","2,317",270,900,728,533,"13,809","5,504","8,305","4,785","4,785"
2020 Q2,"141,007",95,87,8,"78,969","20,904","20,826",78,"56,185","53,232","2,953",475,87,"1,318", [x] ,794,2,109,683,"2,190",966,615,170,181,"1,224","1,224","6,060","2,827","1,045","2,188",388,630,644,193,333,"5,639",231,231,"5,408","5,408","7,544",43,563,616,"6,322","1,617","2,407","2,298", [x] ,"7,362","7,362","7,362","7,836","6,822","6,437",385,"1,014","1,014","24,518",89,555,555,"2,618","2,618","4,810","2,243",343,857,"1,205",162,"12,315","4,640","7,675","4,131","4,131"
2020 Q3,"173,250",169,156,13,"79,294","20,917","20,839",78,"56,532","53,563","2,969",413,84,"1,348", [x] ,"1,306",7,142,"1,157","2,390",895,451,219,225,"1,495","1,495","11,337","3,778","2,491","5,068",624,"1,362","1,326","1,088",668,"5,892",226,226,"5,666","5,666","10,450",29,338,865,"9,218","2,582","4,034","2,602", [x] ,"7,450","7,450","7,450","27,352","21,996","21,465",531,"5,356","5,356","27,610","1,651","1,104","1,104","2,895","2,895","4,508","2,189",434,564,"1,010",311,"13,014","5,263","7,751","4,438","4,438"
2020 Q4,"169,070",167,161,6,"79,717","21,001","20,924",77,"56,835","53,855","2,980",469,51,"1,361", [x] ,"1,173",4,134,"1,035","3,230","1,473",732,470,271,"1,757","1,757","10,053","3,832","2,651","3,570",833,"1,298",541,334,564,"6,128",529,529,"5,599","5,599","11,326",42,283,"1,163","9,838","2,350","4,629","2,859", [x] ,"7,687","7,687","7,687","21,558","18,497","17,776",721,"3,061","3,061","28,031","1,295","1,014","1,014","2,804","2,804","4,898","2,171",418,987,"1,058",264,"13,572","5,421","8,151","4,448","4,448"
2021 Q1,"162,170",137,130,7,"80,255","21,186","21,109",77,"57,183","54,197","2,986",476,55,"1,355", [x] ,964,8,90,866,"3,558","1,632",902,450,280,"1,926","1,926","9,959","4,160","2,626","3,173",741,"1,173",500,79,680,"5,874",273,273,"5,601","5,601","11,388",31,532,"1,066","9,759","2,474","4,495","2,790", [x] ,"7,851","7,851","7,851","13,836","12,175","11,669",506,"1,661","1,661","28,348",124,974,974,"3,286","3,286","5,284","2,203",467,"1,027",972,615,"14,006","6,027","7,979","4,674","4,674"
2021 Q2,"186,500",158,152,6,"80,676","21,376","21,298",78,"57,435","54,449","2,986",456,50,"1,359", [x] ,981,8,112,861,"3,821","1,833",886,665,282,"1,988","1,988","12,309","4,883","3,138","4,288","1,222","1,381",634,546,505,"5,932",251,251,"5,681","5,681","12,903",50,578,"1,126","11,149","3,064","5,387","2,698", [x] ,"8,021","8,021","8,021","31,115","25,900","25,183",717,"5,215","5,215","30,584","2,023","1,194","1,194","3,263","3,263","5,233","2,244",553,918,869,649,"14,581","6,272","8,309","4,290","4,290"
2021 Q3,"205,750",222,212,10,"81,432","21,657","21,578",79,"57,840","54,845","2,995",539,54,"1,342", [x] ,"1,081",10,145,926,"3,911","1,802",839,636,327,"2,109","2,109","17,089","5,175","3,349","8,565","1,818","1,669","2,546","1,771",761,"5,953",237,237,"5,716","5,716","14,645",45,649,"1,216","12,735","2,947","6,887","2,901", [x] ,"8,193","8,193","8,193","42,299","32,987","32,281",706,"9,312","9,312","30,925","1,908","1,364","1,364","3,678","3,678","4,677","2,303",440,552,736,646,"14,746","6,490","8,256","4,552","4,552"
2021 Q4,"202,703",114,105,9,"82,122","21,869","21,790",79,"58,420","55,406","3,014",456,50,"1,327", [x] ,"1,121",10,199,912,"4,621","2,316","1,130",859,327,"2,305","2,305","17,109","5,065","3,284","8,760","1,934","1,642","3,824",530,830,"6,396",566,566,"5,830","5,830","15,171",40,664,"1,263","13,204","3,090","7,118","2,996", [x] ,"8,370","8,370","8,370","34,918","27,528","26,638",890,"7,390","7,390","32,761","1,782","1,373","1,373","3,848","3,848","5,352","2,369",587,"1,093",620,683,"15,472","6,908","8,564","4,934","4,934"
2022 Q1,"202,283",169,157,12,"82,911","21,955","21,875",80,"59,075","56,033","3,042",502,69,"1,310", [x] ,956,11,134,811,"4,455","2,147",892,915,340,"2,308","2,308","16,939","4,890","3,341","8,708","2,147","1,523","3,752",269,"1,017","6,087",230,230,"5,857","5,857","15,656",35,731,"1,321","13,569","3,674","6,852","3,043", [x] ,"8,526","8,526","8,526","32,307","26,667","25,690",977,"5,640","5,640","34,277","1,799","1,488","1,488","4,051","4,051","4,635","2,346",313,760,787,429,"17,061","8,428","8,633","5,243","5,243"
2022 Q2,"221,692",196,187,9,"83,752","22,125","22,045",80,"59,740","56,667","3,073",471,73,"1,343", [x] ,"1,038",10,134,894,"4,247","1,935",859,750,326,"2,312","2,312","22,213","4,825","3,715","13,673","2,954","1,793","5,754","1,828","1,344","6,035",240,240,"5,795","5,795","16,048",36,793,"1,343","13,876","3,802","6,934","3,140", [x] ,"8,751","8,751","8,751","42,686","32,906","32,047",859,"9,780","9,780","36,726","1,888","1,527","1,527","4,235","4,235","5,604","2,468",624,825,666,"1,021","18,482","9,155","9,327","4,990","4,990"
2022 Q3,"230,387",215,208,7,"84,652","22,219","22,139",80,"60,510","57,399","3,111",522,66,"1,335", [x] ,"1,273",10,209,"1,054","4,191","2,025",857,926,242,"2,166","2,166","25,979","4,669","3,615","17,695","3,226","1,938","8,052","3,179","1,300","6,079",223,223,"5,856","5,856","16,757",39,800,"1,504","14,414","3,946","7,263","3,205", [x] ,"8,970","8,970","8,970","44,722","33,629","32,815",814,"11,093","11,093","37,549","1,842","1,562","1,562","4,738","4,738","5,067","2,516",452,770,717,612,"19,606","10,674","8,932","4,734","4,734"
2022 Q4,"232,125",162,153,9,"85,628","22,397","22,316",81,"61,303","58,150","3,153",521,72,"1,335", [x] ,"1,048",10,169,869,"4,773","2,370","1,165",864,341,"2,403","2,403","23,396","4,588","3,665","15,143","2,918","1,862","7,087","2,128","1,148","6,109",420,420,"5,689","5,689","17,086",33,807,"1,591","14,655","3,737","8,050","2,868", [x] ,"9,226","9,226","9,226","43,301","33,974","32,958","1,016","9,327","9,327","41,396","2,016","1,562","1,562","4,719","4,719","5,366","2,570",515,799,787,695,"22,417","13,673","8,744","5,316","5,316"
2023 Q1,"226,117",246,236,10,"86,834","22,768","22,684",84,"62,102","58,898","3,204",549,72,"1,343", [x] ,"1,127",5,212,910,"5,085","2,533","1,208",998,327,"2,552","2,552","20,392","4,580","3,311","12,501","2,761","1,553","6,265","1,055",867,"6,061",212,212,"5,849","5,849","16,719",29,814,"1,548","14,328","4,085","7,641","2,602", [x] ,"9,296","9,296","9,296","36,908","29,687","28,539","1,148","7,221","7,221","43,449","2,056","1,554","1,554","5,041","5,041","4,534","2,395",534,691,619,295,"24,290","15,586","8,704","5,974","5,974"
2023 Q2,"241,662",281,272,9,"88,508","23,408","23,320",88,"63,036","59,758","3,278",549,52,"1,463", [x] ,"1,242",15,221,"1,006","5,232","2,557","1,118","1,095",344,"2,675","2,675","26,033","4,613","3,753","17,667","3,109","1,741","8,698","3,086","1,033","6,299",229,229,"6,070","6,070","16,600",27,821,"1,577","14,175","4,292","7,432","2,451", [x] ,"9,464","9,464","9,464","45,177","35,778","34,713","1,065","9,399","9,399","42,826","2,122","1,546","1,546","4,607","4,607","5,357","2,333",578,910,861,675,"23,583","14,413","9,170","5,611","5,611"
2023 Q3,"249,174",266,258,8,"90,252","23,813","23,722",91,"64,267","60,909","3,358",620,81,"1,471", [x] ,"1,435",19,207,"1,209","5,155","2,411",914,"1,193",304,"2,744","2,744","30,922","4,592","3,611","22,719","3,195","1,999","11,334","4,684","1,507","6,295",211,211,"6,084","6,084","16,888",37,828,"1,573","14,450","4,142","7,845","2,463", [x] ,"9,633","9,633","9,633","47,059","36,121","35,244",877,"10,938","10,938","41,269","2,158","1,559","1,559","5,121","5,121","4,667","2,296",540,499,716,616,"23,313","14,309","9,004","4,451","4,451"
2023 Q4,"241,052",255,245,10,"92,017","24,267","24,173",94,"65,616","62,185","3,431",600,59,"1,475", [x] ,"1,137",26,177,934,"5,478","2,679","1,100","1,231",348,"2,799","2,799","22,747","4,610","3,394","14,743","3,145","1,823","6,576","1,998","1,201","6,614",517,517,"6,097","6,097","16,464",48,835,"1,599","13,982","3,786","7,838","2,358", [x] ,"9,803","9,803","9,803","43,900","34,953","33,857","1,096","8,947","8,947","42,637","2,335","1,572","1,572","5,327","5,327","4,940","2,286",545,845,696,568,"23,446","14,144","9,302","5,017","5,017"
2024 Q1,"237,582",212,203,9,"93,825","24,709","24,612",97,"66,964","63,451","3,513",591,81,"1,480", [x] ,"1,093",31,137,925,"5,558","2,668","1,053","1,261",354,"2,890","2,890","22,535","4,729","3,466","14,340","3,188","1,701","7,294","1,126","1,031","6,266",247,247,"6,019","6,019","17,083",43,842,"1,633","14,565","4,460","7,664","2,441", [x] ,"9,974","9,974","9,974","37,521","30,541","29,471","1,070","6,980","6,980","43,515","2,438","1,586","1,586","5,320","5,320","4,603","2,312",459,813,617,402,"23,645","14,487","9,158","5,923","5,923"
2024 Q2,"254,562",221,208,13,"95,950","25,280","25,180",100,"68,437","64,841","3,596",535,80,"1,618", [x] ,"1,276",35,128,"1,113","5,601","2,597",904,"1,344",349,"3,004","3,004","28,350","4,754","3,821","19,775","3,297","2,065","9,780","3,243","1,390","6,316",263,263,"6,053","6,053","17,495",41,849,"1,582","15,023","4,702","7,760","2,561", [x] ,"10,146","10,146","10,146","46,179","36,665","35,679",986,"9,514","9,514","43,028","2,517","1,604","1,604","4,982","4,982","5,037","2,327",561,915,711,523,"23,356","13,667","9,689","5,532","5,532"
2024 Q3,"264,975",223,211,12,"97,877","25,733","25,630",103,"69,891","66,216","3,675",573,60,"1,620", [x] ,"1,457",28,120,"1,309","5,562","2,493",720,"1,445",328,"3,069","3,069","33,407","4,731","3,567","25,109","3,408","2,189","12,670","5,032","1,810","6,341",251,251,"6,090","6,090","17,765",41,856,"1,559","15,309","4,588","8,249","2,472", [x] ,"10,323","10,323","10,323","48,889","37,640","36,875",765,"11,249","11,249","43,131","2,562","1,595","1,595","5,712","5,712","4,528","2,338",517,475,603,595,"23,178","13,686","9,492","5,556","5,556"
2024 Q4,"257,935",214,201,13,"100,026","26,193","26,086",107,"71,576","67,808","3,768",603,31,"1,623", [x] ,"1,226",28,111,"1,087","5,874","2,802",954,"1,530",318,"3,072","3,072","24,822","4,737","3,477","16,608","3,429","2,096","7,715","2,058","1,310","6,737",580,580,"6,157","6,157","17,371",37,864,"1,508","14,962","4,165","8,334","2,463", [x] ,"10,499","10,499","10,499","46,794","37,327","36,366",961,"9,467","9,467","44,372","2,492","1,619","1,619","5,561","5,561","4,929","2,338",539,830,615,607,"23,995","14,196","9,799","5,776","5,776"
